Name,Stars,Rating,Ranking
PayPal,"(1,921)",4.4,3rd Easiest To Use in Payment Gateways software
Paytm Business,(63),4.5,1st Easiest To Use in Payment Gateways software
Apple Pay for merchants,(132),4.7,1st Easiest To Use in Payment Gateways software
Stripe Connect,(193),4.4,5th Easiest To Use in Payment Gateways software
GoCardless,(266),4.7,7th Easiest To Use in Payment Gateways software
Razorpay,(56),4.2,10th Easiest To Use in Payment Gateways software
Bolt,(42),4.6,4th Easiest To Use in Payment Gateways software
Payoneer,(241),3.4,15th Easiest To Use in Payment Gateways software
Authorize.net,(123),4.0,12th Easiest To Use in Payment Gateways software
REPAY,(19),4.8,6th Easiest To Use in Payment Gateways software
TSYS,(23),4.5,6th Easiest To Use in Payment Gateways software
EBizCharge,(63),4.8,8th Easiest To Use in Payment Gateways software
Spreedly,(16),4.7,11th Easiest To Use in Payment Gateways software
Zaakpay,(15),4.0,11th Easiest To Use in Payment Gateways software
Square Payments,(135),4.6,11th Easiest To Use in Payment Gateways software
PaySimple,(79),4.3,13th Easiest To Use in Payment Gateways software
Payworks,(25),4.3,9th Easiest To Use in Payment Gateways software
MyVirtualMerchant,(13),4.4,9th Easiest To Use in Payment Gateways software
PayLane,(12),4.7,9th Easiest To Use in Payment Gateways software
PayU,(16),3.2,9th Easiest To Use in Payment Gateways software
BlueSnap,(87),4.0,16th Easiest To Use in Payment Gateways software
PayMotion,(15),4.9,2nd Easiest To Use in Payment Gateways software
Zoho Checkout,(11),4.3,2nd Easiest To Use in Payment Gateways software
WePay,(60),3.7,18th Easiest To Use in Payment Gateways software
Digital River MyCommerce,(80),3.9,17th Easiest To Use in Payment Gateways software
NETELLER,(15),3.8,17th Easiest To Use in Payment Gateways software
Sila,(17),4.4,17th Easiest To Use in Payment Gateways software
Dwolla,(31),4.3,19th Easiest To Use in Payment Gateways software
MONEI,(14),4.4,14th Easiest To Use in Payment Gateways software
Skrill,(55),3.5,14th Easiest To Use in Payment Gateways software
PPRO,(12),4.7,14th Easiest To Use in Payment Gateways software
Adyen,(23),3.2,14th Easiest To Use in Payment Gateways software
Moneris Gateway,(11),3.4,14th Easiest To Use in Payment Gateways software
Worldpay from FIS,(36),3.3,20th Easiest To Use in Payment Gateways software
Cardinity,(10),3.8,20th Easiest To Use in Payment Gateways software
PayJunction,(28),4.7,20th Easiest To Use in Payment Gateways software
SecurionPay,(9),3.0,20th Easiest To Use in Payment Gateways software
Shift4,(11),4.0,20th Easiest To Use in Payment Gateways software
Coriunder BAAS,(7),5.0,20th Easiest To Use in Payment Gateways software
CSG Forte,(8),3.8,20th Easiest To Use in Payment Gateways software
Hyperwallet,(7),0.9,20th Easiest To Use in Payment Gateways software
cashfree,(5),4.5,20th Easiest To Use in Payment Gateways software
Yapstone,(7),4.1,20th Easiest To Use in Payment Gateways software
Bambora,(4),2.6,20th Easiest To Use in Payment Gateways software
Alternative Payments,(3),4.5,20th Easiest To Use in Payment Gateways software
FasterPay,(3),3.8,20th Easiest To Use in Payment Gateways software
Ingenico ePayments,(4),3.8,20th Easiest To Use in Payment Gateways software
Mollie,(4),3.5,20th Easiest To Use in Payment Gateways software
PayGate,(5),4.2,20th Easiest To Use in Payment Gateways software
POS Machine,(3),4.2,20th Easiest To Use in Payment Gateways software
Zen,(4),4.0,20th Easiest To Use in Payment Gateways software
ACI Secure eCommerce,(2),4.5,20th Easiest To Use in Payment Gateways software
Amazon Payment Services,(2),4.8,20th Easiest To Use in Payment Gateways software
checkout.com,(5),3.6,20th Easiest To Use in Payment Gateways software
Heartland eCommerce,(2),4.0,20th Easiest To Use in Payment Gateways software
JUDO,(2),4.5,20th Easiest To Use in Payment Gateways software
Magnius,(2),5.0,20th Easiest To Use in Payment Gateways software
Payment Express,(2),3.8,20th Easiest To Use in Payment Gateways software
Paymill,(2),2.3,20th Easiest To Use in Payment Gateways software
Payrexx,(2),5.0,20th Easiest To Use in Payment Gateways software
Payvision,(2),4.0,20th Easiest To Use in Payment Gateways software
PineLabs,(2),4.3,20th Easiest To Use in Payment Gateways software
Poynt,(2),4.8,20th Easiest To Use in Payment Gateways software
Tap2Pay,(2),4.8,20th Easiest To Use in Payment Gateways software
Trustpair,(2),5.0,20th Easiest To Use in Payment Gateways software
Alipay,(1),3.5,20th Easiest To Use in Payment Gateways software
atom,(1),5.0,20th Easiest To Use in Payment Gateways software
Cardknox,(2),5.0,20th Easiest To Use in Payment Gateways software
EBANX,(1),4.0,20th Easiest To Use in Payment Gateways software
EMoney,(1),2.0,20th Easiest To Use in Payment Gateways software
Ezidebit,(1),3.5,20th Easiest To Use in Payment Gateways software
GHL,(1),5.0,20th Easiest To Use in Payment Gateways software
Globally Paid,(1),4.0,20th Easiest To Use in Payment Gateways software
Heartland Payment,(9),4.4,20th Easiest To Use in Payment Gateways software
iFrame,(1),4.0,20th Easiest To Use in Payment Gateways software
inovio,(1),1.5,20th Easiest To Use in Payment Gateways software
iyzico,(1),5.0,20th Easiest To Use in Payment Gateways software
MerchantGuy,(1),5.0,20th Easiest To Use in Payment Gateways software
NextPay Payment Gateway,(1),1.0,20th Easiest To Use in Payment Gateways software
NMI,(1),4.5,20th Easiest To Use in Payment Gateways software
North American Bancard,(3),2.3,20th Easiest To Use in Payment Gateways software
PayKun,(1),4.5,20th Easiest To Use in Payment Gateways software
PayMart,(1),4.5,20th Easiest To Use in Payment Gateways software
PayPay,(1),5.0,20th Easiest To Use in Payment Gateways software
PlugnPay,(1),4.0,20th Easiest To Use in Payment Gateways software
TRUSTLY,(1),4.5,20th Easiest To Use in Payment Gateways software
UniPay Gateway,(1),4.5,20th Easiest To Use in Payment Gateways software
Worldline,(1),4.0,20th Easiest To Use in Payment Gateways software
Xendit,(1),5.0,20th Easiest To Use in Payment Gateways software
Zotapay,(1),3.5,20th Easiest To Use in Payment Gateways software
Zum,(1),5.0,20th Easiest To Use in Payment Gateways software
2C2P,(1),5.0,20th Easiest To Use in Payment Gateways software
Accept Pay,(1),5.0,20th Easiest To Use in Payment Gateways software
Accertify Online Payment Gateway,(1),5.0,20th Easiest To Use in Payment Gateways software
Acquirer,(1),5.0,20th Easiest To Use in Payment Gateways software
Acumen Connections,(1),5.0,20th Easiest To Use in Payment Gateways software
AEVI,(1),5.0,20th Easiest To Use in Payment Gateways software
Alpha Payments Cloud,(1),5.0,20th Easiest To Use in Payment Gateways software
AltPayNet,(1),5.0,20th Easiest To Use in Payment Gateways software
aPay Payment Gateway System,(1),5.0,20th Easiest To Use in Payment Gateways software
